{"cameraMode":{"drawMode":0,"name":"Shaded","section":"Shading Mode"},"sceneLighting":true,"audioPlay":false,"sceneViewState":{"showFog":true,"showMaterialUpdate":false,"showSkybox":true,"showFlares":true,"showImageEffects":true,"showParticleSystems":true},"in2DMode":false,"pivot":{"x":-0.8290963172912598,"y":3.2139759063720705,"z":-10.561233520507813},"rotation":{"x":0.13633832335472108,"y":0.46150317788124087,"z":-0.0720214694738388,"w":0.8736365437507629},"size":5.406972408294678,"orthographic":false}